<?xml version="1.0" encoding="UTF-8"?>
<project-private xmlns="http://www.netbeans.org/ns/project-private/1">
    <editor-bookmarks xmlns="http://www.netbeans.org/ns/editor-bookmarks/2" lastBookmarkId="1">
        <file>
            <url>src/chatme/Chatme.java</url>
            <bookmark id="1">
                <name/>
                <line>171</line>
                <key/>
            </bookmark>
        </file>
    </editor-bookmarks>
    <open-files xmlns="http://www.netbeans.org/ns/projectui-open-files/2">
        <group>
            <file>file:/E:/MATA%20KULIAH%20D4%20INFORMATIKA/SEMESTER%204/PEMROGRAMAN%20KOMPUTER%202/P04/HASIL/Latihan/4B_Dimas%20Shofa%20Gunarso_18090061/Network%20_Programming/src/chatme/Chatme.java</file>
        </group>
    </open-files>
</project-private>
